<?xml version="1.0" encoding="utf-8"?>
	<beans xmlns="http://www.springframework.org/schema/beans"
    xmlns:xsi="http://www.w3.org/2001/XMLSchema-instance"
    xmlns:aop="http://www.springframework.org/schema/aop"
    xmlns:context="http://www.springframework.org/schema/context"
    xmlns:tx="http://www.springframework.org/schema/tx"
    xmlns:jpa="http://www.springframework.org/schema/data/jpa"
    xmlns:security="http://www.springframework.org/schema/security"
    xsi:schemaLocation="
        http://www.springframework.org/schema/aop
        http://www.springframework.org/schema/aop/spring-aop-4.0.xsd
        http://www.springframework.org/schema/security
        http://www.springframework.org/schema/security/spring-security-3.2.xsd
        http://www.springframework.org/schema/beans
        http://www.springframework.org/schema/beans/spring-beans-4.0.xsd
        http://www.springframework.org/schema/data/jpa
        http://www.springframework.org/schema/data/jpa/spring-jpa-1.3.xsd
        http://www.springframework.org/schema/tx
        http://www.springframework.org/schema/tx/spring-tx-4.0.xsd
        http://www.springframework.org/schema/context
        http://www.springframework.org/schema/context/spring-context-4.0.xsd">

    <!-- 加载属性文件-->
    <context:property-placeholder location="classpath:datasource.properties"/>

	<!--配置数据源-->
    <bean id="dataSourceInfo"
          class="org.apache.commons.dbcp.BasicDataSource" destroy-method="close">
        <property name="url">
            <value>${jdbc.dbcp.url}</value>
        </property>
        <property name="driverClassName">
            <value>${jdbc.driverClassName}</value>
        </property>
        <property name="username">
            <value>${jdbc.username}</value>
        </property>
        <property name="password">
            <value>${jdbc.password}</value>
        </property>
        <!-- 连接池中的最大的连接数 -->
        <property name="maxActive">
            <value>${jdbc.maxActive}</value>
        </property>
        <!-- 最大等待的时间 (单位:毫秒) -->
        <property name="maxWait">
            <value>${jdbc.maxWait}</value>
        </property>
    </bean>

    <!--生成sqlSession -->
    <bean id="sqlSession" class="org.mybatis.spring.SqlSessionFactoryBean">
        <property name="dataSource" ref="dataSourceInfo" />
        <!--  自动查找myBatis的xml配置文件，省掉sqlMapConfig.xml里的mappers手工配置 -->
        <property name="mapperLocations" value="classpath:mappers/*.xml" />
    </bean>


    <!-- 通过 MapperScannerConfigurer自动扫描指定basePackage中的所有的接口，并且
       把sqlSession与接口结合-->
    <bean class="org.mybatis.spring.mapper.MapperScannerConfigurer">
        <property name="basePackage" value="com.fh.shop.admin.mapper" />
        <property name="sqlSessionFactoryBeanName" value="sqlSession" />
    </bean>

    <bean id="t" class="org.springframework.jdbc.datasource.DataSourceTransactionManager">
        <property name="dataSource" ref="dataSourceInfo"/>
    </bean>
    <!-- 配置事务的传播特性 -->
    <tx:advice id="a" transaction-manager="t"><!-- 配置事务管理器 -->
        <tx:attributes>
            <tx:method name="add*" propagation="REQUIRED" rollback-for="Exception"/>
            <tx:method name="insert*" propagation="REQUIRED" rollback-for="Exception"/>
            <tx:method name="save*" propagation="REQUIRED" rollback-for="Exception"/>
            <tx:method name="del*" propagation="REQUIRED" rollback-for="Exception"/>
            <tx:method name="batch*" propagation="REQUIRED" rollback-for="Exception"/>
            <tx:method name="update*" propagation="REQUIRED" rollback-for="Exception"/>
            <tx:method name="import*" propagation="REQUIRED" rollback-for="Exception"/>
            <tx:method name="*" read-only="true"/>
            <!-- 如果不是以上三种，则配置成只读事务(如select)。只读事务可以提高性能，当更新某个对象时，将不会再做脏数据检查。(因为是只读的并不用更新，所以不用再作比较,判断是否读取到脏数据。) -->
        </tx:attributes>
    </tx:advice>
    <!-- .. 代表改包下任意嵌套层次的子包 -->
    <aop:config>
        <aop:advisor pointcut="execution(* com.fh.shop.admin.biz..*.*(..))" advice-ref="a"/>
    </aop:config>

    <!-- 扫描service层 -->
    <context:component-scan base-package="com.fh.shop.admin.biz"/>



</beans>
