<?xml version="1.0" encoding="UTF-8" ?>
<!DOCTYPE mapper PUBLIC  
    "-//mybatis.org//DTD Mapper 3.0//EN"  
    "http://mybatis.org/dtd/mybatis-3-mapper.dtd"> 
   
<mapper namespace="com.fh.shop.admin.mapper.product.IProductMapper">
    <!--查询总条数-->
    <select id="findProductByCount" parameterType="com.fh.shop.admin.param.product.ProductSearchParam" resultType="java.lang.Long">
        select count(*) from t_product
    </select>
    <!--查询本页数据-->
    <select id="productList" parameterType="com.fh.shop.admin.param.product.ProductSearchParam" resultType="com.fh.shop.admin.po.product.Product">
        select t.* from (
            select id,productName,price,mainImagePath,producedDate,stock,sellState,status
            from t_product
            <where>
                <if test=" productName !=null and productName !='' ">
                    productName like CONCAT(CONCAT('%',#{productName}),'%')
                </if>
                <if test=" price !=null and price !='' ">
                    and price like CONCAT(CONCAT('%',#{price}),'%')
                </if>
                <if test=" minTime !=null and minTime !='' ">
                    and producedDate >= #{minTime}
                </if>
                <if test=" maxTime !=null and maxTime >=minTime ">
                    and producedDate &lt;= #{maxTime}
                </if>
            </where>
            order by id desc
        )t
        limit #{start},#{length}
    </select>
    <!--添加商品-->
    <insert id="add" parameterType="com.fh.shop.admin.po.product.Product">
        insert into t_product(productName,price,mainImagePath,producedDate,stock,sellState)
        values (#{productName},#{price},#{mainImagePath},#{producedDate},#{stock},#{sellState})
    </insert>
    <!--删除商品-->
    <delete id="deleteProduct" parameterType="java.lang.Integer">
        delete from t_product where id = #{id}
    </delete>
    <!--回显-->
    <select id="toUpdateProduct" parameterType="java.lang.Integer" resultType="com.fh.shop.admin.po.product.Product">
        select id,productName,price,mainImagePath,producedDate,stock,sellState
        from t_product where id = #{id}
    </select>
    <!--修改-->
    <update id="updateProduct" parameterType="com.fh.shop.admin.po.product.Product">
        update t_product set productName=#{productName},price = #{price}
        ,mainImagePath=#{mainImagePath},producedDate=#{producedDate}
        ,stock=#{stock},sellState=#{sellState}
        where id = #{id}
    </update>
    <!--上架 下架-->
    <update id="updateStatus" parameterType="com.fh.shop.admin.po.product.Product">
        update t_product set
        status = #{status}
        where id = #{id}
    </update>
    <!--条件查询导出数据-->
    <select id="findProductList" parameterType="com.fh.shop.admin.param.product.ProductSearchParam" resultType="com.fh.shop.admin.po.product.Product">
        select t.* from (
        select id,productName,price,mainImagePath,producedDate,stock,sellState,status
        from t_product
        <where>
            <if test=" productName !=null and productName !='' ">
                productName like CONCAT(CONCAT('%',#{productName}),'%')
            </if>
            <if test=" price !=null and price !='' ">
                and price like CONCAT(CONCAT('%',#{price}),'%')
            </if>
            <if test=" minTime !=null and minTime !='' ">
                and producedDate >= #{minTime}
            </if>
            <if test=" maxTime !=null and maxTime >=minTime ">
                and producedDate &lt;= #{maxTime}
            </if>
        </where>
        order by id desc
        )t
    </select>
</mapper>